{"cameraMode":{"drawMode":0,"name":"Shaded","section":"Shading Mode"},"sceneLighting":false,"audioPlay":false,"sceneViewState":{"m_AlwaysRefresh":false,"showFog":true,"showSkybox":false,"showFlares":true,"showImageEffects":true,"showParticleSystems":true,"showVisualEffectGraphs":true,"m_FxEnabled":true},"in2DMode":false,"pivot":{"x":-0.0010202229022979737,"y":0.26695209741592409,"z":-0.0001595914363861084},"rotation":{"x":-0.10738703608512879,"y":-0.42032474279403689,"z":0.05017763376235962,"w":-0.8996143341064453},"size":0.4637683033943176,"orthographic":false}