{"cameraMode":{"drawMode":0,"name":"Shaded","section":"Shading Mode"},"sceneLighting":false,"audioPlay":false,"sceneViewState":{"m_AlwaysRefresh":false,"showFog":true,"showSkybox":false,"showFlares":true,"showImageEffects":true,"showParticleSystems":true,"showVisualEffectGraphs":true,"m_FxEnabled":true},"in2DMode":false,"pivot":{"x":-0.09653639793395996,"y":1.0981168746948243,"z":0.00003288686275482178},"rotation":{"x":-0.10738703608512879,"y":-0.42032474279403689,"z":0.05017763376235962,"w":-0.8996143341064453},"size":3.2486605644226076,"orthographic":false}